,type,mean,var,guess_rate,lapse_rate,model,set,subject,model_name,dataset_name
0,5,,,,,,train,0,early_integration,easy
1,3,13.493505714182424,0.1895686819078135,0.010000000000000002,0.010000000000000002,PsychometricCurve(model='wh'),train,0,early_integration,easy
2,2,13.469846701187093,0.25456441307735317,0.010000000000000002,0.010000000000000002,PsychometricCurve(model='wh'),train,0,early_integration,easy
3,4,13.51605504185075,0.18366402054051195,0.010000000000000661,0.010000000000000009,PsychometricCurve(model='wh'),train,0,early_integration,easy
4,1,13.524174028876986,0.2431830331834877,0.010000000000055397,0.010000000000013755,PsychometricCurve(model='wh'),train,0,early_integration,easy
5,3,13.480971699305014,0.26350761484319096,0.010000000000000002,0.010000000000016426,PsychometricCurve(model='wh'),test,0,early_integration,easy
6,5,13.525589775433703,0.2367425088035211,0.010000000000000002,0.010000000000000002,PsychometricCurve(model='wh'),test,0,early_integration,easy
7,2,13.50224001072608,0.35368179252569754,0.010000000000000002,0.010000000000000002,PsychometricCurve(model='wh'),test,0,early_integration,easy
8,4,13.5084790482913,0.23542292690880504,0.01000000000000067,0.010000000000269042,PsychometricCurve(model='wh'),test,0,early_integration,easy
9,1,13.536408292684865,0.37502611843919004,0.010000000000000155,0.010000000000001919,PsychometricCurve(model='wh'),test,0,early_integration,easy
10,5,13.791594046840034,0.09563985303393625,0.010000000000257091,0.01000000000060582,PsychometricCurve(model='wh'),train,1,early_integration,easy
11,3,13.782498920222274,0.08474228192717462,0.01000000000001324,0.010000000000000194,PsychometricCurve(model='wh'),train,1,early_integration,easy
12,2,13.521001897895752,0.2347359597753619,0.010000000000000002,0.010000000000000002,PsychometricCurve(model='wh'),train,1,early_integration,easy
13,4,13.819857206831998,0.08296130264400835,0.010000000000000002,0.010000000000000002,PsychometricCurve(model='wh'),train,1,early_integration,easy
14,1,13.85975684742543,0.0676353329873447,0.010000000000000002,0.010000000000000002,PsychometricCurve(model='wh'),train,1,early_integration,easy
15,3,13.523432088771651,0.26365329506500623,0.010000000000000942,0.010000000091146315,PsychometricCurve(model='wh'),test,1,early_integration,easy
16,5,13.611097933468784,0.22006153313721355,0.010000000000000018,0.010000000000000002,PsychometricCurve(model='wh'),test,1,early_integration,easy
17,2,13.502088173794894,0.3320030562497922,0.010000000000000002,0.010000000000000002,PsychometricCurve(model='wh'),test,1,early_integration,easy
18,4,13.852482096881587,0.08534757547035282,0.010000000000000083,0.010000000000000002,PsychometricCurve(model='wh'),test,1,early_integration,easy
19,1,13.602501010878061,0.2836274095458469,0.010000000000000002,0.010000000000000021,PsychometricCurve(model='wh'),test,1,early_integration,easy
20,5,13.40795911501154,0.19077916593187977,0.010000000000000002,0.010000000000000004,PsychometricCurve(model='wh'),train,2,early_integration,easy
21,3,13.19990377151905,0.0988976100838527,0.010000000000000002,0.010000000000000002,PsychometricCurve(model='wh'),train,2,early_integration,easy
22,2,13.398748050829182,0.22789822815416963,0.010000000000000002,0.010000000000000002,PsychometricCurve(model='wh'),train,2,early_integration,easy
23,4,13.47311542720255,0.21299989592040558,0.010000000000000002,0.010000000000000002,PsychometricCurve(model='wh'),train,2,early_integration,easy
24,1,13.430355499442765,0.25190547608046004,0.010000000000037318,0.010000000000065127,PsychometricCurve(model='wh'),train,2,early_integration,easy
25,3,13.407445663464273,0.24757442461378484,0.010000000000000002,0.010000000000000002,PsychometricCurve(model='wh'),test,2,early_integration,easy
26,5,13.462814058002003,0.24507432044231842,0.010000000000000002,0.010000000000000002,PsychometricCurve(model='wh'),test,2,early_integration,easy
27,2,13.409517775877063,0.2914312218351165,0.010000000000012063,0.01000000000013905,PsychometricCurve(model='wh'),test,2,early_integration,easy
28,4,13.486545787550508,0.23411709281324614,0.010000000000000092,0.010000000000203233,PsychometricCurve(model='wh'),test,2,early_integration,easy
29,1,13.42566973991716,0.32528718571291276,0.010000000000000005,0.010000000000000002,PsychometricCurve(model='wh'),test,2,early_integration,easy
0,1,,,,,,train,0,early_integration,medium
1,5,13.41638900617255,0.29536152709784386,0.010000000000004526,0.010000000000000002,PsychometricCurve(model='wh'),train,0,early_integration,medium
2,4,13.459204510058488,0.2805270207103913,0.010000000000000002,0.010000000000000005,PsychometricCurve(model='wh'),train,0,early_integration,medium
3,3,13.429708743356379,0.3179559010966325,0.010000000000000002,0.010000000000000002,PsychometricCurve(model='wh'),train,0,early_integration,medium
4,2,13.441285103124358,0.38453951950812293,0.010000000000000397,0.010438300266714782,PsychometricCurve(model='wh'),train,0,early_integration,medium
5,3,13.4277400713931,0.382998113131999,0.012675285597291946,0.010124143883500606,PsychometricCurve(model='wh'),test,0,early_integration,medium
6,2,13.463463850386503,0.4972840481600815,0.010686379720822646,0.014519087964542834,PsychometricCurve(model='wh'),test,0,early_integration,medium
7,1,13.40968709988622,0.47036564515991314,0.02097908979591414,0.01554552814642007,PsychometricCurve(model='wh'),test,0,early_integration,medium
8,5,13.424397769215643,0.37834896720598354,0.023455761283321084,0.010000000000045816,PsychometricCurve(model='wh'),test,0,early_integration,medium
9,4,13.451779106103956,0.35320772204398854,0.010000000000000002,0.010000000000005265,PsychometricCurve(model='wh'),test,0,early_integration,medium
10,1,13.441898137059344,0.4961090686426387,0.015869395566521394,0.01552431873258008,PsychometricCurve(model='wh'),train,1,early_integration,medium
11,5,13.437819840415042,0.4532027819895539,0.023042875249962864,0.016589139135385886,PsychometricCurve(model='wh'),train,1,early_integration,medium
12,4,13.560158204904557,0.4241138482604367,0.010000000000000002,0.012407583162136662,PsychometricCurve(model='wh'),train,1,early_integration,medium
13,3,13.496058367790312,0.500148963312879,0.010000000000000004,0.014148050005017995,PsychometricCurve(model='wh'),train,1,early_integration,medium
14,2,13.483072363782417,0.5517265538703635,0.011463042610770788,0.030378669672933838,PsychometricCurve(model='wh'),train,1,early_integration,medium
15,3,13.515284833140386,0.5175950797318073,0.01000000000000034,0.02083826420514585,PsychometricCurve(model='wh'),test,1,early_integration,medium
16,2,13.487056996174832,0.6277177301927933,0.010000000000000725,0.026179170666313763,PsychometricCurve(model='wh'),test,1,early_integration,medium
17,1,13.447198452048248,0.5399380914037533,0.01809294271814725,0.01575789342793436,PsychometricCurve(model='wh'),test,1,early_integration,medium
18,5,13.401014278926569,0.5088570450979452,0.028664919066787344,0.025356372345041976,PsychometricCurve(model='wh'),test,1,early_integration,medium
19,4,13.554271764078655,0.4486878974741147,0.010000000000000002,0.01284836104227459,PsychometricCurve(model='wh'),test,1,early_integration,medium
20,1,13.544082446752512,0.3257543199872518,0.010000000000201188,0.01650813368148955,PsychometricCurve(model='wh'),train,2,early_integration,medium
21,5,13.583358279008204,0.28882443390035006,0.010000000000000002,0.010000000000000005,PsychometricCurve(model='wh'),train,2,early_integration,medium
22,4,13.675676802102583,0.25166427117754725,0.010000000000000002,0.010000000000000002,PsychometricCurve(model='wh'),train,2,early_integration,medium
23,3,13.616134708050252,0.2888766272010317,0.010000000000001666,0.010000000000401209,PsychometricCurve(model='wh'),train,2,early_integration,medium
24,2,13.588145459858724,0.3496232694178147,0.010000000000002028,0.026389955011315084,PsychometricCurve(model='wh'),train,2,early_integration,medium
25,3,13.669472481434296,0.3695934818578429,0.010000000000000002,0.010562735400034228,PsychometricCurve(model='wh'),test,2,early_integration,medium
26,2,13.568873941026457,0.44631284948273886,0.010000000016880886,0.04243831936554894,PsychometricCurve(model='wh'),test,2,early_integration,medium
27,1,13.614878180324297,0.49306421693363434,0.010000000000000338,0.025908350249243997,PsychometricCurve(model='wh'),test,2,early_integration,medium
28,5,13.551565472437007,0.37302206674718685,0.010000000001319441,0.02932006555966913,PsychometricCurve(model='wh'),test,2,early_integration,medium
29,4,13.641456634061008,0.3504511445970771,0.010000000000000002,0.01744103948342334,PsychometricCurve(model='wh'),test,2,early_integration,medium
0,1,,,,,,train,0,early_integration,hard
1,2,13.607895269467823,0.4937862634187941,0.023662885107315783,0.049999999999999996,PsychometricCurve(model='wh'),train,0,early_integration,hard
2,3,13.592113900063126,0.518773822435366,0.010000000000000057,0.03036991503620564,PsychometricCurve(model='wh'),train,0,early_integration,hard
3,5,13.570089752959333,0.43204891200504686,0.017740170275894362,0.04999999999969209,PsychometricCurve(model='wh'),train,0,early_integration,hard
4,4,13.6179209558751,0.43889568194562767,0.010000000000023037,0.03703047176471486,PsychometricCurve(model='wh'),train,0,early_integration,hard
5,4,13.624166984789378,0.49070086980978084,0.017797965444321964,0.049999999999999975,PsychometricCurve(model='wh'),test,0,early_integration,hard
6,5,13.609797152619102,0.5298698447650816,0.02963099614850375,0.04999999997548383,PsychometricCurve(model='wh'),test,0,early_integration,hard
7,3,13.632817903660177,0.7986630831807898,0.010000000000001053,0.025485382540808555,PsychometricCurve(model='wh'),test,0,early_integration,hard
8,1,13.734054030396933,0.939202325453544,0.019637624009210243,0.04999999999903879,PsychometricCurve(model='wh'),test,0,early_integration,hard
9,2,13.705209901830289,0.9399127209470608,0.04260285865718335,0.049999999974141285,PsychometricCurve(model='wh'),test,0,early_integration,hard
10,1,13.510843300670903,0.3632021391265709,0.016981991405808926,0.03053622942777887,PsychometricCurve(model='wh'),train,1,early_integration,hard
11,2,13.514359635118566,0.3871732634370674,0.030821938266655007,0.035167223372462475,PsychometricCurve(model='wh'),train,1,early_integration,hard
12,3,13.52328925676554,0.3573129913667916,0.010096392277177443,0.017110684350697507,PsychometricCurve(model='wh'),train,1,early_integration,hard
13,5,13.502315941286533,0.3094052104883426,0.017644248184963775,0.02848611765336564,PsychometricCurve(model='wh'),train,1,early_integration,hard
14,4,13.52902844764522,0.32827819264329183,0.010000000000000005,0.014276236271981433,PsychometricCurve(model='wh'),train,1,early_integration,hard
15,4,13.550271935432878,0.5322735100534031,0.02739752410093825,0.040501818367537155,PsychometricCurve(model='wh'),test,1,early_integration,hard
16,5,13.500973782489343,0.45838278557506223,0.047551513363766645,0.048845491308658597,PsychometricCurve(model='wh'),test,1,early_integration,hard
17,3,13.512207284783393,0.6396291481440277,0.014115429586427898,0.038260008205474566,PsychometricCurve(model='wh'),test,1,early_integration,hard
18,1,13.658606352663403,0.863783002566244,0.031702893286689786,0.049999999999998816,PsychometricCurve(model='wh'),test,1,early_integration,hard
19,2,13.544983350660672,0.741902599334483,0.049999999999999996,0.049999999999999996,PsychometricCurve(model='wh'),test,1,early_integration,hard
20,1,13.564694382432911,0.4137102767207755,0.014441048268379653,0.02780137242618002,PsychometricCurve(model='wh'),train,2,early_integration,hard
21,2,13.561959553236239,0.43453049228830104,0.015006803783045454,0.037469106191186326,PsychometricCurve(model='wh'),train,2,early_integration,hard
22,3,13.552769519979908,0.3573053070925527,0.010000000000000002,0.010000000000622275,PsychometricCurve(model='wh'),train,2,early_integration,hard
23,5,13.53775534801614,0.34113103906422687,0.013121127174269744,0.022160391078037807,PsychometricCurve(model='wh'),train,2,early_integration,hard
24,4,13.586126049545127,0.32592934483186864,0.010000000000000002,0.01874608018239147,PsychometricCurve(model='wh'),train,2,early_integration,hard
25,4,13.563515375101757,0.4634724034115679,0.012905888963534137,0.02824882490662687,PsychometricCurve(model='wh'),test,2,early_integration,hard
26,5,13.570458028840285,0.4872645889760374,0.02715177842949072,0.038615826811491144,PsychometricCurve(model='wh'),test,2,early_integration,hard
27,3,13.51991141234322,0.5979731048637101,0.010858210402559541,0.015985962360595966,PsychometricCurve(model='wh'),test,2,early_integration,hard
28,1,13.690574545957007,1.0495469979799537,0.016997547746761498,0.022511803828595568,PsychometricCurve(model='wh'),test,2,early_integration,hard
29,2,13.569768809637733,0.9862308337510859,0.02142937055381652,0.04075502797613807,PsychometricCurve(model='wh'),test,2,early_integration,hard
0,4,,,,,,train,0,early_integration,very_hard
1,2,13.52677459331337,1.8099745812584638,0.04999999999982819,0.04999999995517862,PsychometricCurve(model='wh'),train,0,early_integration,very_hard
2,1,13.464913038921326,1.6925912914769978,0.0499999999999064,0.04999999999956242,PsychometricCurve(model='wh'),train,0,early_integration,very_hard
3,3,13.483762635585904,1.9631774642886233,0.04539933208670883,0.04999999999953499,PsychometricCurve(model='wh'),train,0,early_integration,very_hard
4,5,13.529386060133312,2.1194665075833137,0.049999999999999684,0.010000000057251941,PsychometricCurve(model='wh'),train,0,early_integration,very_hard
5,5,13.637556383055495,2.916738907201124,0.04999999996918669,0.010000000762527368,PsychometricCurve(model='wh'),test,0,early_integration,very_hard
6,2,13.415938419899483,3.4423523618923944,0.010000000113418837,0.04999999999975389,PsychometricCurve(model='wh'),test,0,early_integration,very_hard
7,1,13.790898931206755,3.7087010468472688,0.04999999999461834,0.010000000939158002,PsychometricCurve(model='wh'),test,0,early_integration,very_hard
8,4,13.91940793997064,2.7501188255606945,0.049999999999341606,0.026030702895212945,PsychometricCurve(model='wh'),test,0,early_integration,very_hard
9,3,13.79087886282192,2.579634821121044,0.04999999999999891,0.01000000002279883,PsychometricCurve(model='wh'),test,0,early_integration,very_hard
10,4,13.569513970176507,0.5381520716142161,0.049999999999999996,0.049999999999999996,PsychometricCurve(model='wh'),train,1,early_integration,very_hard
11,2,13.578662696833637,0.5011992391313985,0.049999999999999996,0.049999999999999996,PsychometricCurve(model='wh'),train,1,early_integration,very_hard
12,1,13.573686175062477,0.5363061011196134,0.049999999999999996,0.049999999999999996,PsychometricCurve(model='wh'),train,1,early_integration,very_hard
13,3,13.55344338337305,0.5010442857602567,0.049999999999999996,0.049999999999999996,PsychometricCurve(model='wh'),train,1,early_integration,very_hard
14,5,13.54197962288343,0.5112447398498913,0.04999999999996025,0.04999999999993851,PsychometricCurve(model='wh'),train,1,early_integration,very_hard
15,5,14.00498055031069,3.6074696633668184,0.03523978390421012,0.04999999993849263,PsychometricCurve(model='wh'),test,1,early_integration,very_hard
16,2,14.093953529989044,4.121387940410733,0.01000005717832052,0.04999998784583367,PsychometricCurve(model='wh'),test,1,early_integration,very_hard
17,1,14.789463644446837,5.095252246910484,0.04999999999849013,0.010000018762018836,PsychometricCurve(model='wh'),test,1,early_integration,very_hard
18,4,14.3510315525812,4.0963495451444905,0.010000000000005815,0.049999999999975536,PsychometricCurve(model='wh'),test,1,early_integration,very_hard
19,3,13.876680528875335,3.198683425033793,0.010000000049371191,0.04999999999920609,PsychometricCurve(model='wh'),test,1,early_integration,very_hard
20,4,13.847132163708654,1.1976144401290179,0.04928842415301029,0.04999999999999989,PsychometricCurve(model='wh'),train,2,early_integration,very_hard
21,2,13.63625349126651,1.34702706961905,0.049999999999999996,0.04999999999999989,PsychometricCurve(model='wh'),train,2,early_integration,very_hard
22,1,14.036407700097874,1.225958284349561,0.04523520793307969,0.04999999999999997,PsychometricCurve(model='wh'),train,2,early_integration,very_hard
23,3,13.731137475524106,1.112931979515101,0.04999999999989319,0.04999999999786987,PsychometricCurve(model='wh'),train,2,early_integration,very_hard
24,5,13.685200753699593,0.9892134831711128,0.0499999999999997,0.04999999999999957,PsychometricCurve(model='wh'),train,2,early_integration,very_hard
25,5,13.80466037724267,2.551447907684741,0.01912349845658079,0.049999999834229245,PsychometricCurve(model='wh'),test,2,early_integration,very_hard
26,2,13.68448833606395,4.375385871398446,0.010000000001054301,0.04999999999999996,PsychometricCurve(model='wh'),test,2,early_integration,very_hard
27,1,15.190400976500527,4.299301395771008,0.010000000010038595,0.04999999999688223,PsychometricCurve(model='wh'),test,2,early_integration,very_hard
28,4,14.263684749008656,2.8993202658340333,0.02114556419950949,0.049999997783204804,PsychometricCurve(model='wh'),test,2,early_integration,very_hard
29,3,14.058310576437487,2.6066479083401197,0.02986638939587047,0.04999999999996084,PsychometricCurve(model='wh'),test,2,early_integration,very_hard
0,5,,,,,,train,0,intermediate_integration,easy
1,3,13.401100172084076,0.3259208976711421,0.010000000000000002,0.010000000000079006,PsychometricCurve(model='wh'),train,0,intermediate_integration,easy
2,2,13.391259257028649,0.32238220231773923,0.01466787893803172,0.010000000000000002,PsychometricCurve(model='wh'),train,0,intermediate_integration,easy
3,4,13.481083603229873,0.3157923947268149,0.010000000000000007,0.010000000000002585,PsychometricCurve(model='wh'),train,0,intermediate_integration,easy
4,1,13.398206458962699,0.3459814476478421,0.012440802611751083,0.010000000000001058,PsychometricCurve(model='wh'),train,0,intermediate_integration,easy
5,3,13.366444031024809,0.4525067128825987,0.010061947339663924,0.01000000011039268,PsychometricCurve(model='wh'),test,0,intermediate_integration,easy
6,5,13.444922223562884,0.3968166578293169,0.025419921228740507,0.010000000004318705,PsychometricCurve(model='wh'),test,0,intermediate_integration,easy
7,2,13.411895685179047,0.4589756231400639,0.032038885800185754,0.010000000001636667,PsychometricCurve(model='wh'),test,0,intermediate_integration,easy
8,4,13.503233943076252,0.37154108828443083,0.010000000000000002,0.010000000000000002,PsychometricCurve(model='wh'),test,0,intermediate_integration,easy
9,1,13.393617838734167,0.5103772951037107,0.02715193959590884,0.010000000000000094,PsychometricCurve(model='wh'),test,0,intermediate_integration,easy
10,5,13.489410878772455,0.39443081813073355,0.010792699213136399,0.010000000000018518,PsychometricCurve(model='wh'),train,1,intermediate_integration,easy
11,3,13.483264418036322,0.39077898148695783,0.010000000000000002,0.0100000000001979,PsychometricCurve(model='wh'),train,1,intermediate_integration,easy
12,2,13.455909816426527,0.32704332877688164,0.010000000000000002,0.010000000000000045,PsychometricCurve(model='wh'),train,1,intermediate_integration,easy
13,4,13.541761378396753,0.35231751668231226,0.010000000000000002,0.010000000000003197,PsychometricCurve(model='wh'),train,1,intermediate_integration,easy
14,1,13.477354288515112,0.3305860690295157,0.010000000000000177,0.010000000001066453,PsychometricCurve(model='wh'),train,1,intermediate_integration,easy
15,3,13.435016740546846,0.4568078889505073,0.010000000000000002,0.014155563161112434,PsychometricCurve(model='wh'),test,1,intermediate_integration,easy
16,5,13.488296732290692,0.4454026841512234,0.014768518458848828,0.01021852498386564,PsychometricCurve(model='wh'),test,1,intermediate_integration,easy
17,2,13.504516006632764,0.4643516604657956,0.013571887794771942,0.017008250816613838,PsychometricCurve(model='wh'),test,1,intermediate_integration,easy
18,4,13.5922312932832,0.3872171340207702,0.010000000000000002,0.010000000006339695,PsychometricCurve(model='wh'),test,1,intermediate_integration,easy
19,1,13.515672576562222,0.47287513226360395,0.01326826674251107,0.014941293802798452,PsychometricCurve(model='wh'),test,1,intermediate_integration,easy
20,5,13.473138361717853,0.39772237479196854,0.012973050284088032,0.010000000000357426,PsychometricCurve(model='wh'),train,2,intermediate_integration,easy
21,3,13.477105831661156,0.38135804594862965,0.010000000000000002,0.010000000000000018,PsychometricCurve(model='wh'),train,2,intermediate_integration,easy
22,2,13.473223144249108,0.4133897878434285,0.014344071690735842,0.011339860885522255,PsychometricCurve(model='wh'),train,2,intermediate_integration,easy
23,4,13.5491958525118,0.35560927138237625,0.010000000000000002,0.010000000000000002,PsychometricCurve(model='wh'),train,2,intermediate_integration,easy
24,1,13.479543130372418,0.3999236713966525,0.018486085344548993,0.014968729148655895,PsychometricCurve(model='wh'),train,2,intermediate_integration,easy
25,3,13.4405456754117,0.44334940291481467,0.010000000000000002,0.010983898138537049,PsychometricCurve(model='wh'),test,2,intermediate_integration,easy
26,5,13.48027918113122,0.4398181674931067,0.0202753290883461,0.010000000000000012,PsychometricCurve(model='wh'),test,2,intermediate_integration,easy
27,2,13.422665877485354,0.48236145239251993,0.017960770405172553,0.025539207297970077,PsychometricCurve(model='wh'),test,2,intermediate_integration,easy
28,4,13.583181380771576,0.3914141690167387,0.010000000000000002,0.011367751835581556,PsychometricCurve(model='wh'),test,2,intermediate_integration,easy
29,1,13.47772852501368,0.5276529757059825,0.02641297070261447,0.016751564469189115,PsychometricCurve(model='wh'),test,2,intermediate_integration,easy
0,1,,,,,,train,0,intermediate_integration,medium
1,5,13.461425152061937,0.5482728170584437,0.042221832083604895,0.0348006545217311,PsychometricCurve(model='wh'),train,0,intermediate_integration,medium
2,4,13.54761771977131,0.5387379365768148,0.011738758590401103,0.031719950368229916,PsychometricCurve(model='wh'),train,0,intermediate_integration,medium
3,3,13.507828087995867,0.6084892089806465,0.010000000000007711,0.026001155097225045,PsychometricCurve(model='wh'),train,0,intermediate_integration,medium
4,2,13.532934368309222,0.4865682088825968,0.015386509683020279,0.03512535011832433,PsychometricCurve(model='wh'),train,0,intermediate_integration,medium
5,3,13.562833243831871,0.8673410706999236,0.010000000000000004,0.021813108122387095,PsychometricCurve(model='wh'),test,0,intermediate_integration,medium
6,2,13.653058098380628,0.8250970540170885,0.029968566264760577,0.043543092834180085,PsychometricCurve(model='wh'),test,0,intermediate_integration,medium
7,1,13.516215531478203,0.6698169022180596,0.02400082607883142,0.04999999999477062,PsychometricCurve(model='wh'),test,0,intermediate_integration,medium
8,5,13.428537811317566,0.7688489610193431,0.04979580100509181,0.049999999999688495,PsychometricCurve(model='wh'),test,0,intermediate_integration,medium
9,4,13.559123329172506,0.7213011868205604,0.010000000019422218,0.03469118126022306,PsychometricCurve(model='wh'),test,0,intermediate_integration,medium
10,1,13.483530602079181,0.843853350037822,0.023302659203723715,0.03057167720758231,PsychometricCurve(model='wh'),train,1,intermediate_integration,medium
11,5,13.500787511781375,0.7810081393243102,0.03914032840742962,0.027603824864796633,PsychometricCurve(model='wh'),train,1,intermediate_integration,medium
12,4,13.638301380620915,0.7620276357600446,0.013580429070798095,0.022093038954776364,PsychometricCurve(model='wh'),train,1,intermediate_integration,medium
13,3,13.555938554196901,0.8326094788090191,0.010000000000002328,0.019480053003650456,PsychometricCurve(model='wh'),train,1,intermediate_integration,medium
14,2,13.566009561298433,0.7901386799305411,0.028338575936537,0.047414614773301944,PsychometricCurve(model='wh'),train,1,intermediate_integration,medium
15,3,13.537831197845003,0.8755132113024469,0.010000000000006457,0.017486025334991148,PsychometricCurve(model='wh'),test,1,intermediate_integration,medium
16,2,13.597089658487192,0.9112859182746748,0.02570705800375269,0.040175511996731264,PsychometricCurve(model='wh'),test,1,intermediate_integration,medium
17,1,13.532546353143193,0.8810134950370516,0.022524949199078954,0.029598753100226523,PsychometricCurve(model='wh'),test,1,intermediate_integration,medium
18,5,13.452541346890266,0.9851101641027664,0.014953981544286689,0.021849976685076166,PsychometricCurve(model='wh'),test,1,intermediate_integration,medium
19,4,13.631312959201681,0.8626579541762046,0.011679645724156192,0.019436488572404438,PsychometricCurve(model='wh'),test,1,intermediate_integration,medium
20,1,13.449376424114309,0.504495084893085,0.022862962366460304,0.02327521144475003,PsychometricCurve(model='wh'),train,2,intermediate_integration,medium
21,5,13.43324094265693,0.5378085190909135,0.037795903686222806,0.019170674191137643,PsychometricCurve(model='wh'),train,2,intermediate_integration,medium
22,4,13.488930966507027,0.511023762728218,0.01266696369362783,0.021660852403572406,PsychometricCurve(model='wh'),train,2,intermediate_integration,medium
23,3,13.46687711644308,0.5967511461223338,0.010746977303354477,0.0243042591739801,PsychometricCurve(model='wh'),train,2,intermediate_integration,medium
24,2,13.436722310078842,0.43471376066666817,0.019915467988716965,0.03166104043221353,PsychometricCurve(model='wh'),train,2,intermediate_integration,medium
25,3,13.527886626381722,0.6879166471300043,0.021950027126352606,0.02196376018924505,PsychometricCurve(model='wh'),test,2,intermediate_integration,medium
26,2,13.460558677591097,0.9079401962963318,0.02275793808977955,0.031993234064471146,PsychometricCurve(model='wh'),test,2,intermediate_integration,medium
27,1,13.447149240587795,0.8650049757510284,0.025329047235434464,0.01792467623025919,PsychometricCurve(model='wh'),test,2,intermediate_integration,medium
28,5,13.439739731350722,0.8032189658208678,0.04223248667848016,0.010231722535035175,PsychometricCurve(model='wh'),test,2,intermediate_integration,medium
29,4,13.457942068030142,0.6808629276044804,0.01126643750437294,0.02701224672470755,PsychometricCurve(model='wh'),test,2,intermediate_integration,medium
0,1,,,,,,train,0,intermediate_integration,hard
1,2,13.359562773359652,1.040885382060869,0.049999999998660435,0.030736509936270733,PsychometricCurve(model='wh'),train,0,intermediate_integration,hard
2,3,13.365791421321436,0.8308316794887903,0.024274818485358465,0.01648704892943961,PsychometricCurve(model='wh'),train,0,intermediate_integration,hard
3,5,13.317032077363102,0.7888405288352945,0.049999999999982475,0.02080585486271217,PsychometricCurve(model='wh'),train,0,intermediate_integration,hard
4,4,13.437082275801986,0.791429430000027,0.02581694302551049,0.022778780628977483,PsychometricCurve(model='wh'),train,0,intermediate_integration,hard
5,4,13.53244260040968,0.9758582613039978,0.02813149741780953,0.011943579740911823,PsychometricCurve(model='wh'),test,0,intermediate_integration,hard
6,5,13.293872182778829,1.107903582646828,0.04999999998178398,0.010000000000013066,PsychometricCurve(model='wh'),test,0,intermediate_integration,hard
7,3,13.388215499672915,0.9825784381910532,0.02429833994454685,0.016660086697052125,PsychometricCurve(model='wh'),test,0,intermediate_integration,hard
8,1,13.302908064337943,1.2674641811242666,0.031750145990605445,0.02707470854784009,PsychometricCurve(model='wh'),test,0,intermediate_integration,hard
9,2,13.242316957713022,1.3899715522836178,0.029275267507354836,0.030014234828657987,PsychometricCurve(model='wh'),test,0,intermediate_integration,hard
10,1,13.482029128726838,0.4542405976053571,0.049999999999973725,0.049999999993875194,PsychometricCurve(model='wh'),train,1,intermediate_integration,hard
11,2,13.557163102867865,0.478185616260228,0.04223111978389248,0.04999999999973899,PsychometricCurve(model='wh'),train,1,intermediate_integration,hard
12,3,13.54774756442408,0.5533144656963497,0.0157811708019518,0.03348846625216918,PsychometricCurve(model='wh'),train,1,intermediate_integration,hard
13,5,13.508643830364788,0.4717279427721853,0.04177616850763227,0.04999999999999484,PsychometricCurve(model='wh'),train,1,intermediate_integration,hard
14,4,13.602999653181387,0.5140120620683178,0.013228592789081192,0.03866037080027604,PsychometricCurve(model='wh'),train,1,intermediate_integration,hard
15,4,13.689441982979163,0.9391115794193671,0.010329352323692467,0.046367327040793264,PsychometricCurve(model='wh'),test,1,intermediate_integration,hard
16,5,13.537466315242318,1.2107379836458687,0.010087508284300882,0.010000000000000977,PsychometricCurve(model='wh'),test,1,intermediate_integration,hard
17,3,13.595820740816148,0.9503252838517252,0.010000000000000146,0.04504941226520573,PsychometricCurve(model='wh'),test,1,intermediate_integration,hard
18,1,13.534701470592058,1.7888909036658434,0.010000000000000002,0.01000000000001166,PsychometricCurve(model='wh'),test,1,intermediate_integration,hard
19,2,13.705564609716872,1.615603309630616,0.036027936272343304,0.010000236616972266,PsychometricCurve(model='wh'),test,1,intermediate_integration,hard
20,1,13.451075290131232,0.5839659286370791,0.04999999999909722,0.0499999999999299,PsychometricCurve(model='wh'),train,2,intermediate_integration,hard
21,2,13.452699988544879,0.6021426257703119,0.04999999999999966,0.049999999999986514,PsychometricCurve(model='wh'),train,2,intermediate_integration,hard
22,3,13.480864295945413,0.696036565304917,0.01966270473206486,0.025135433955107967,PsychometricCurve(model='wh'),train,2,intermediate_integration,hard
23,5,13.400335889857663,0.6755944748662969,0.04999999999988943,0.04382939963668906,PsychometricCurve(model='wh'),train,2,intermediate_integration,hard
24,4,13.556442397032871,0.662775801237189,0.020192870780924084,0.03242547079019813,PsychometricCurve(model='wh'),train,2,intermediate_integration,hard
25,4,13.578519473496712,0.969996522511859,0.013591529025771655,0.02946454874086511,PsychometricCurve(model='wh'),test,2,intermediate_integration,hard
26,5,13.356201699708713,1.1596568470968924,0.022320354844969248,0.010000000224461713,PsychometricCurve(model='wh'),test,2,intermediate_integration,hard
27,3,13.573587050525925,1.0291772044691718,0.011906183990390777,0.010000422103310704,PsychometricCurve(model='wh'),test,2,intermediate_integration,hard
28,1,13.48849125454181,1.6764603488386174,0.018540855371566006,0.01619553815498982,PsychometricCurve(model='wh'),test,2,intermediate_integration,hard
29,2,13.36351787732845,1.7853569342445752,0.01000000000013399,0.02306785092293431,PsychometricCurve(model='wh'),test,2,intermediate_integration,hard
0,4,,,,,,train,0,intermediate_integration,very_hard
1,2,13.767374036143329,1.254822586528384,0.049999999999999996,0.049999999999999996,PsychometricCurve(model='wh'),train,0,intermediate_integration,very_hard
2,1,13.747496363933333,1.421043946175553,0.049999999999999996,0.04999999999999995,PsychometricCurve(model='wh'),train,0,intermediate_integration,very_hard
3,3,13.811964387985823,1.3094071586409963,0.04999999999999999,0.04999999999999976,PsychometricCurve(model='wh'),train,0,intermediate_integration,very_hard
4,5,13.6499434376403,1.089019315034612,0.049999999999999996,0.04999999999999698,PsychometricCurve(model='wh'),train,0,intermediate_integration,very_hard
5,5,13.985919627639277,3.941837543149475,0.04999999822174544,0.049999964053997564,PsychometricCurve(model='wh'),test,0,intermediate_integration,very_hard
6,2,14.482684724860652,4.877941384649091,0.010000002301462986,0.0499999999970141,PsychometricCurve(model='wh'),test,0,intermediate_integration,very_hard
7,1,14.867158811167858,5.1185555256733855,0.04999999999999872,0.010000000014569084,PsychometricCurve(model='wh'),test,0,intermediate_integration,very_hard
8,4,14.046817138589603,3.6569353178759205,0.010000000000056452,0.04999999999999998,PsychometricCurve(model='wh'),test,0,intermediate_integration,very_hard
9,3,14.560791074332142,3.570963829303569,0.04999999999985265,0.010000078046552533,PsychometricCurve(model='wh'),test,0,intermediate_integration,very_hard
10,4,13.45748218370849,3.061325793540255,0.049999982656252266,0.049999999922937736,PsychometricCurve(model='wh'),train,1,intermediate_integration,very_hard
11,2,13.457803158880564,3.4454352564674955,0.010000004023729178,0.04999999999905206,PsychometricCurve(model='wh'),train,1,intermediate_integration,very_hard
12,1,13.577342734721617,4.075135516110801,0.04859858816718096,0.04999999999902408,PsychometricCurve(model='wh'),train,1,intermediate_integration,very_hard
13,3,13.350090790781653,3.15281705926574,0.010000000075347975,0.04999999999999953,PsychometricCurve(model='wh'),train,1,intermediate_integration,very_hard
14,5,13.096329505882572,2.9826405383659256,0.04999999999003182,0.049999994201287506,PsychometricCurve(model='wh'),train,1,intermediate_integration,very_hard
15,5,12.838238208129559,3.985902443020509,0.010000000000261657,0.049999999999798636,PsychometricCurve(model='wh'),test,1,intermediate_integration,very_hard
16,2,13.482822146791321,4.2437280460617215,0.010000000000042917,0.049999999999999996,PsychometricCurve(model='wh'),test,1,intermediate_integration,very_hard
17,1,14.059838414267142,5.162393313949559,0.04999999999999998,0.010000000000529046,PsychometricCurve(model='wh'),test,1,intermediate_integration,very_hard
18,4,13.213234706283995,3.7420269556011694,0.01000000000628577,0.049999999999939655,PsychometricCurve(model='wh'),test,1,intermediate_integration,very_hard
19,3,13.581346515486999,4.134297022857159,0.010000001617252155,0.01101151631373826,PsychometricCurve(model='wh'),test,1,intermediate_integration,very_hard
20,4,13.694489354205624,1.4122810055661055,0.04999999999988125,0.04999999999999407,PsychometricCurve(model='wh'),train,2,intermediate_integration,very_hard
21,2,13.732434166239463,1.249608806050265,0.049999999999999996,0.049999999999999996,PsychometricCurve(model='wh'),train,2,intermediate_integration,very_hard
22,1,13.596016076267514,1.1268128099367363,0.049999999999999996,0.049999999999999996,PsychometricCurve(model='wh'),train,2,intermediate_integration,very_hard
23,3,13.714598581709224,1.3330527988407987,0.04999999999999967,0.049999999999988366,PsychometricCurve(model='wh'),train,2,intermediate_integration,very_hard
24,5,13.54385753501452,1.1761546777252005,0.04999999999999995,0.049999999999081036,PsychometricCurve(model='wh'),train,2,intermediate_integration,very_hard
25,5,13.445881174070138,3.2309198827454,0.01000000189570222,0.049999999894571864,PsychometricCurve(model='wh'),test,2,intermediate_integration,very_hard
26,2,14.856174653636486,5.244521812917638,0.012484906630351077,0.010000009642177418,PsychometricCurve(model='wh'),test,2,intermediate_integration,very_hard
27,1,14.048139270009873,4.932023581969848,0.010000000048609863,0.04999999999999925,PsychometricCurve(model='wh'),test,2,intermediate_integration,very_hard
28,4,14.239716853476695,3.4837799625430903,0.04999999799940485,0.020815741668795545,PsychometricCurve(model='wh'),test,2,intermediate_integration,very_hard
29,3,14.294149471722461,3.412001360769694,0.0499999999999941,0.01000000051447863,PsychometricCurve(model='wh'),test,2,intermediate_integration,very_hard
0,5,,,,,,train,0,late_integration,easy
1,3,13.481346042247187,0.3538263568027652,0.010000000000000002,0.010000000000007435,PsychometricCurve(model='wh'),train,0,late_integration,easy
2,2,13.452335951093003,0.35776746886799277,0.010000000000000208,0.010000000000394393,PsychometricCurve(model='wh'),train,0,late_integration,easy
3,4,13.523035400524464,0.32763265784464257,0.010000000000000118,0.01000000000000899,PsychometricCurve(model='wh'),train,0,late_integration,easy
4,1,13.501861299729704,0.3570558959077504,0.010806615634708883,0.012071702468763866,PsychometricCurve(model='wh'),train,0,late_integration,easy
5,3,13.466613214526957,0.4526527404355666,0.010000000000002639,0.0124483781748806,PsychometricCurve(model='wh'),test,0,late_integration,easy
6,5,13.51089369204886,0.46155734267438325,0.012099721188795038,0.01000000000007418,PsychometricCurve(model='wh'),test,0,late_integration,easy
7,2,13.444628394703656,0.4947029329280685,0.021153382455134796,0.018403766792000693,PsychometricCurve(model='wh'),test,0,late_integration,easy
8,4,13.523245249431081,0.3480995359302384,0.010000000000000004,0.010000000000007545,PsychometricCurve(model='wh'),test,0,late_integration,easy
9,1,13.522383920799738,0.6420561313895369,0.023699200942035495,0.020430565528423206,PsychometricCurve(model='wh'),test,0,late_integration,easy
10,5,13.49064045971727,0.3861399520645346,0.01007997695510394,0.010000000000000108,PsychometricCurve(model='wh'),train,1,late_integration,easy
11,3,13.49894233278642,0.364352950971455,0.010000000000000002,0.010000000001419235,PsychometricCurve(model='wh'),train,1,late_integration,easy
12,2,13.481720849781302,0.3581834431995612,0.010000000000145693,0.012379043780109313,PsychometricCurve(model='wh'),train,1,late_integration,easy
13,4,13.531309353332713,0.3331110824163991,0.010000000000000014,0.010000000000050645,PsychometricCurve(model='wh'),train,1,late_integration,easy
14,1,13.518251266782991,0.3592804892209332,0.010000000000000002,0.010000000000000002,PsychometricCurve(model='wh'),train,1,late_integration,easy
15,3,13.458979788918347,0.4617435893614378,0.010000000000000533,0.011940383217646929,PsychometricCurve(model='wh'),test,1,late_integration,easy
16,5,13.503580620369748,0.45671944209669185,0.01611220510354219,0.010000000000032278,PsychometricCurve(model='wh'),test,1,late_integration,easy
17,2,13.401996013430756,0.5225941037923176,0.016872657555856586,0.028084103750192616,PsychometricCurve(model='wh'),test,1,late_integration,easy
18,4,13.560705113301927,0.3457436652524398,0.010000000000000009,0.010000000010213226,PsychometricCurve(model='wh'),test,1,late_integration,easy
19,1,13.505201020698108,0.5389844871122309,0.011046516584090152,0.010000000000000004,PsychometricCurve(model='wh'),test,1,late_integration,easy
20,5,13.535737591760851,0.3046029853133029,0.010000000000000002,0.010000000000000002,PsychometricCurve(model='wh'),train,2,late_integration,easy
21,3,13.530539614656313,0.2805052932993202,0.010000000000000002,0.010000000000000725,PsychometricCurve(model='wh'),train,2,late_integration,easy
22,2,13.510815093042236,0.328700576480195,0.010000000000000002,0.010000000000008774,PsychometricCurve(model='wh'),train,2,late_integration,easy
23,4,13.539472493683808,0.27190989572415225,0.010000000000000002,0.010000000000000002,PsychometricCurve(model='wh'),train,2,late_integration,easy
24,1,13.51654918592369,0.3587927451217899,0.010451450077964745,0.011459562923087205,PsychometricCurve(model='wh'),train,2,late_integration,easy
25,3,13.48334052423521,0.42982896943719195,0.010000000000000002,0.010990758394760993,PsychometricCurve(model='wh'),test,2,late_integration,easy
26,5,13.563943063678767,0.4481671888423966,0.010000000000000108,0.01786320018281512,PsychometricCurve(model='wh'),test,2,late_integration,easy
27,2,13.50509536954467,0.46868846167348854,0.012770512264624124,0.016381590195544627,PsychometricCurve(model='wh'),test,2,late_integration,easy
28,4,13.585301186320894,0.34949791480683345,0.010000000000000016,0.010000000000638474,PsychometricCurve(model='wh'),test,2,late_integration,easy
29,1,13.591863040867889,0.6831928334413238,0.013609329073196614,0.01625933714616327,PsychometricCurve(model='wh'),test,2,late_integration,easy
0,1,,,,,,train,0,late_integration,medium
1,5,13.506601247242967,0.43162162725989267,0.022552254843115342,0.01585218165269827,PsychometricCurve(model='wh'),train,0,late_integration,medium
2,4,13.560847562081243,0.39813434221461214,0.010000000000000507,0.020200362113737876,PsychometricCurve(model='wh'),train,0,late_integration,medium
3,3,13.527601207788608,0.42064271903903433,0.010000000000000378,0.01665608063413994,PsychometricCurve(model='wh'),train,0,late_integration,medium
4,2,13.525242927821,0.41176514363804173,0.013218503838767484,0.03166087544103613,PsychometricCurve(model='wh'),train,0,late_integration,medium
5,3,13.608331483950494,0.6930064496951023,0.010000000001189531,0.024726478971250656,PsychometricCurve(model='wh'),test,0,late_integration,medium
6,2,13.646148011756921,0.8619065256085195,0.020989548732355368,0.017327305477024,PsychometricCurve(model='wh'),test,0,late_integration,medium
7,1,13.586023249479824,0.8115502488609098,0.014235686493132031,0.03698893229269726,PsychometricCurve(model='wh'),test,0,late_integration,medium
8,5,13.517191994260356,0.6097822893271291,0.04961844705575717,0.04266328119513149,PsychometricCurve(model='wh'),test,0,late_integration,medium
9,4,13.584330123347414,0.6231059247076696,0.010000000000000373,0.03243756789009602,PsychometricCurve(model='wh'),test,0,late_integration,medium
10,1,13.545031820099346,0.4391965838492198,0.014921136937824172,0.04715166610711933,PsychometricCurve(model='wh'),train,1,late_integration,medium
11,5,13.676203303983968,0.5517580946137166,0.016947748439194093,0.030870164472639704,PsychometricCurve(model='wh'),train,1,late_integration,medium
12,4,13.746081813783052,0.5151830377421642,0.010000000000000873,0.03417619760489767,PsychometricCurve(model='wh'),train,1,late_integration,medium
13,3,13.743815470507956,0.5720766616143212,0.010000000002801577,0.03384333595782228,PsychometricCurve(model='wh'),train,1,late_integration,medium
14,2,13.573977417269644,0.45852678488326104,0.01242567073769921,0.049999999999992,PsychometricCurve(model='wh'),train,1,late_integration,medium
15,3,13.786827176619532,0.7635312287920125,0.010000000004689884,0.028630014441370772,PsychometricCurve(model='wh'),test,1,late_integration,medium
16,2,13.677555417538606,1.0632397189499005,0.01000000000165136,0.049999999999956975,PsychometricCurve(model='wh'),test,1,late_integration,medium
17,1,13.640359214149743,1.010397862764164,0.010000000003837582,0.046155288360283854,PsychometricCurve(model='wh'),test,1,late_integration,medium
18,5,13.745985097398336,0.764773423801289,0.025194908601070067,0.010046352617933922,PsychometricCurve(model='wh'),test,1,late_integration,medium
19,4,13.770027997310253,0.6668937213815568,0.010000000000044945,0.039972771999075465,PsychometricCurve(model='wh'),test,1,late_integration,medium
20,1,13.642201586390348,0.41474519082801353,0.010000000009446675,0.04076255302171952,PsychometricCurve(model='wh'),train,2,late_integration,medium
21,5,13.681933970924346,0.41804430830425443,0.010022954605524869,0.03356420069146041,PsychometricCurve(model='wh'),train,2,late_integration,medium
22,4,13.747398439275507,0.36238370291832583,0.01000000000019092,0.036865689956518094,PsychometricCurve(model='wh'),train,2,late_integration,medium
23,3,13.726208675762855,0.40515461584881973,0.010000000000004164,0.03620384724284964,PsychometricCurve(model='wh'),train,2,late_integration,medium
24,2,13.688050309502302,0.41967430052669497,0.010000000251767295,0.04999999999999342,PsychometricCurve(model='wh'),train,2,late_integration,medium
25,3,13.856677099782061,0.7069814097781606,0.010000000000001539,0.049999999999994695,PsychometricCurve(model='wh'),test,2,late_integration,medium
26,2,13.819444218820955,0.8500314524853292,0.010000000001000797,0.04999999999970635,PsychometricCurve(model='wh'),test,2,late_integration,medium
27,1,13.743856085946453,0.9231345528206507,0.010000000054154835,0.049999999998324766,PsychometricCurve(model='wh'),test,2,late_integration,medium
28,5,13.732796674290741,0.655046902473767,0.013008704838788767,0.04999999999999969,PsychometricCurve(model='wh'),test,2,late_integration,medium
29,4,13.805345882558784,0.6500720253246508,0.01000000000008738,0.04999999999980248,PsychometricCurve(model='wh'),test,2,late_integration,medium
0,1,,,,,,train,0,late_integration,hard
1,2,13.530428636140902,0.5365054097376102,0.04006647455261981,0.04999999999963992,PsychometricCurve(model='wh'),train,0,late_integration,hard
2,3,13.5870188889215,0.6576115254393706,0.012857279077994277,0.03955393485991006,PsychometricCurve(model='wh'),train,0,late_integration,hard
3,5,13.549064302926878,0.5376157905906738,0.04483310921635489,0.04999999999999999,PsychometricCurve(model='wh'),train,0,late_integration,hard
4,4,13.57475729179612,0.6217390775167984,0.011327307715902507,0.04581344601089007,PsychometricCurve(model='wh'),train,0,late_integration,hard
5,4,13.666875373167844,0.9316616768650381,0.0100000000081599,0.049999999999960146,PsychometricCurve(model='wh'),test,0,late_integration,hard
6,5,13.645176080775416,1.0062357377490625,0.04999999996273855,0.024626538888379002,PsychometricCurve(model='wh'),test,0,late_integration,hard
7,3,13.698633442305512,1.0014902635181988,0.010000000338965625,0.049999999983582954,PsychometricCurve(model='wh'),test,0,late_integration,hard
8,1,13.631442607814577,1.8838829831433064,0.045804538967937306,0.04999999999825402,PsychometricCurve(model='wh'),test,0,late_integration,hard
9,2,13.558614962608885,1.406902794701889,0.01633484789581579,0.03801854059534658,PsychometricCurve(model='wh'),test,0,late_integration,hard
10,1,13.534896201338322,0.44084976029904,0.0499999999641057,0.049999999998061935,PsychometricCurve(model='wh'),train,1,late_integration,hard
11,2,13.54596752882994,0.4198243792496274,0.04999999981682099,0.04999999999999937,PsychometricCurve(model='wh'),train,1,late_integration,hard
12,3,13.55404449711011,0.43800538264809413,0.016016679107924304,0.028501296289456097,PsychometricCurve(model='wh'),train,1,late_integration,hard
13,5,13.541716852136801,0.3863786657451166,0.03869647621313149,0.03992148730445521,PsychometricCurve(model='wh'),train,1,late_integration,hard
14,4,13.587663204522606,0.4385765766747363,0.013220557136035859,0.032331704043307805,PsychometricCurve(model='wh'),train,1,late_integration,hard
15,4,13.627274162431023,0.8962600128442265,0.010727487429763238,0.03261550165290471,PsychometricCurve(model='wh'),test,1,late_integration,hard
16,5,13.611139067948372,0.976016250803311,0.04999999999979604,0.013936462738074563,PsychometricCurve(model='wh'),test,1,late_integration,hard
17,3,13.668774179117255,0.9635023904479069,0.016872959322573225,0.043640280297985064,PsychometricCurve(model='wh'),test,1,late_integration,hard
18,1,13.754026405417028,1.8440682060276978,0.049999999994184065,0.04927780454234822,PsychometricCurve(model='wh'),test,1,late_integration,hard
19,2,13.551676037503379,1.5381343438190247,0.023795344177565035,0.04999999987739605,PsychometricCurve(model='wh'),test,1,late_integration,hard
20,1,13.374275394189,0.556544382369143,0.04951505509392841,0.030995107923669864,PsychometricCurve(model='wh'),train,2,late_integration,hard
21,2,13.295678187863308,0.6054249605106401,0.04999999999999993,0.03326026280766334,PsychometricCurve(model='wh'),train,2,late_integration,hard
22,3,13.374016797973136,0.6393716153757001,0.026070453807798877,0.021897740245142985,PsychometricCurve(model='wh'),train,2,late_integration,hard
23,5,13.37088772386401,0.5936277784801802,0.04999999999976927,0.024922957145697033,PsychometricCurve(model='wh'),train,2,late_integration,hard
24,4,13.415327622714265,0.5890339052557808,0.025239467710764213,0.02181735107640477,PsychometricCurve(model='wh'),train,2,late_integration,hard
25,4,13.422272865042816,0.9085754275019965,0.031343836939926005,0.025707735673181027,PsychometricCurve(model='wh'),test,2,late_integration,hard
26,5,13.34094434507628,1.0767812238313783,0.0495230293417914,0.010000000000000116,PsychometricCurve(model='wh'),test,2,late_integration,hard
27,3,13.37342541657284,0.9478277488314605,0.017017667732831462,0.02531841133274725,PsychometricCurve(model='wh'),test,2,late_integration,hard
28,1,13.387309659607133,1.3623415032332307,0.02196699524437066,0.010000000000531969,PsychometricCurve(model='wh'),test,2,late_integration,hard
29,2,13.078302132761527,1.3930073516266233,0.04657997884585091,0.043620520044655234,PsychometricCurve(model='wh'),test,2,late_integration,hard
0,4,,,,,,train,0,late_integration,very_hard
1,2,13.79966944997412,0.8440516959766908,0.049999999999999996,0.049999999999999996,PsychometricCurve(model='wh'),train,0,late_integration,very_hard
2,1,13.603716160539198,0.5745608843476513,0.049999999999999996,0.049999999999999996,PsychometricCurve(model='wh'),train,0,late_integration,very_hard
3,3,13.68106033064376,0.5668769863788049,0.049999999999999996,0.049999999999999996,PsychometricCurve(model='wh'),train,0,late_integration,very_hard
4,5,13.652739177561028,0.5367497126409928,0.049999999999999996,0.049999999999999135,PsychometricCurve(model='wh'),train,0,late_integration,very_hard
5,5,14.452140719296139,3.9723537782825016,0.012855787187667752,0.049999648901708195,PsychometricCurve(model='wh'),test,0,late_integration,very_hard
6,2,15.673950813929462,5.474080885563292,0.04999999999914494,0.010000962338060498,PsychometricCurve(model='wh'),test,0,late_integration,very_hard
7,1,14.96522740378851,5.237969435893505,0.04999999995661611,0.04544712462554364,PsychometricCurve(model='wh'),test,0,late_integration,very_hard
8,4,14.523197885884638,3.506422214945227,0.029832173632532818,0.04999999999891725,PsychometricCurve(model='wh'),test,0,late_integration,very_hard
9,3,14.695489139651977,3.332606674762028,0.0499999988666447,0.04999999999812122,PsychometricCurve(model='wh'),test,0,late_integration,very_hard
10,4,13.919911864102845,1.367722958977106,0.04999999999707947,0.04999999999995854,PsychometricCurve(model='wh'),train,1,late_integration,very_hard
11,2,13.994954168735982,1.3988137476871854,0.04999945854038431,0.049999999999999996,PsychometricCurve(model='wh'),train,1,late_integration,very_hard
12,1,13.771548649712322,1.4509116385702647,0.049999999999999996,0.049999999999999996,PsychometricCurve(model='wh'),train,1,late_integration,very_hard
13,3,13.874772882934446,1.3749010579665102,0.040993171498950196,0.04999999999998891,PsychometricCurve(model='wh'),train,1,late_integration,very_hard
14,5,13.764526802084639,1.0507854378279415,0.04999999999999993,0.049999999999999746,PsychometricCurve(model='wh'),train,1,late_integration,very_hard
15,5,14.172689030120774,4.018969400421103,0.010000001510955772,0.0499999909417876,PsychometricCurve(model='wh'),test,1,late_integration,very_hard
16,2,14.64173372147574,4.4404679697250184,0.010000000003379668,0.049999999999999455,PsychometricCurve(model='wh'),test,1,late_integration,very_hard
17,1,14.685136641275259,4.229142719963724,0.04999999999999927,0.010000000084313935,PsychometricCurve(model='wh'),test,1,late_integration,very_hard
18,4,14.51663889193,3.802788347865912,0.010000000000383166,0.04999999999999997,PsychometricCurve(model='wh'),test,1,late_integration,very_hard
19,3,14.613328639419104,3.3334416996924805,0.031284002080265536,0.049999999948595,PsychometricCurve(model='wh'),test,1,late_integration,very_hard
20,4,13.60181977877155,0.5445683133023556,0.049999999999999996,0.049999999999999996,PsychometricCurve(model='wh'),train,2,late_integration,very_hard
21,2,13.622456716737403,0.584294403530518,0.049999999999999996,0.049999999999999996,PsychometricCurve(model='wh'),train,2,late_integration,very_hard
22,1,13.591962336038849,0.5272243587690827,0.049999999999999996,0.049999999999999996,PsychometricCurve(model='wh'),train,2,late_integration,very_hard
23,3,13.586826052945003,0.4903534754925887,0.049999999999999996,0.049999999999999996,PsychometricCurve(model='wh'),train,2,late_integration,very_hard
24,5,13.570857432062134,0.5277883898515945,0.049999999967749204,0.04999999999888203,PsychometricCurve(model='wh'),train,2,late_integration,very_hard
25,5,13.942892068678718,4.320182108216062,0.010000020174168765,0.04999999979042383,PsychometricCurve(model='wh'),test,2,late_integration,very_hard
26,2,15.27582168103489,6.445523086458517,0.010000005796765753,0.04999999999779645,PsychometricCurve(model='wh'),test,2,late_integration,very_hard
27,1,14.686913939400544,6.573165462049945,0.010000166230084007,0.04999991651030987,PsychometricCurve(model='wh'),test,2,late_integration,very_hard
28,4,14.143189911257302,3.5589116741552997,0.01000000003559652,0.04999999999999955,PsychometricCurve(model='wh'),test,2,late_integration,very_hard
29,3,14.258676643270347,3.99785564059988,0.010000000126886479,0.04999999999971002,PsychometricCurve(model='wh'),test,2,late_integration,very_hard
